election_code,election_date,territory_code,territory_name,territory_type,organ,subscribers,votes,voters_pct,abstention_pct,blank_votes,blank_pct,null_votes,null_pct,mandates_assigned,mandates_unassigned,mandates_total,state
AUT25,2025-10-12,0101,Águeda,Concelho,AM,41567,23815,57.29,42.71,694,2.91,316,1.33,21,0,21,Resultados Apurados
AUT25,2025-10-12,0102,Albergaria-a-Velha,Concelho,AM,22448,14286,63.64,36.36,271,1.9,195,1.36,21,0,21,Resultados Apurados
AUT25,2025-10-12,0103,Anadia,Concelho,AM,25454,14352,56.38,43.62,535,3.73,222,1.55,21,0,21,Resultados Apurados
AUT25,2025-10-12,0104,Arouca,Concelho,AM,19712,14348,72.79,27.209999999999994,272,1.9,155,1.08,21,0,21,Resultados Apurados
AUT25,2025-10-12,0105,Aveiro,Concelho,AM,70205,38731,55.17,44.83,1184,3.06,430,1.11,27,0,27,Resultados Apurados
AUT25,2025-10-12,0106,Castelo de Paiva,Concelho,AM,14025,11340,80.86,19.14,127,1.12,154,1.36,21,0,21,Resultados Apurados
AUT25,2025-10-12,0107,Espinho,Concelho,AM,29347,18411,62.74,37.26,467,2.54,321,1.74,21,0,21,Resultados Apurados
AUT25,2025-10-12,0108,Estarreja,Concelho,AM,24088,13395,55.61,44.39,251,1.87,211,1.58,21,0,21,Resultados Apurados
AUT25,2025-10-12,0109,Santa Maria da Feira,Concelho,AM,127123,79050,62.18,37.82,1829,2.31,1035,1.31,33,0,33,Resultados Apurados
AUT25,2025-10-12,0110,Ílhavo,Concelho,AM,36420,18413,50.56,49.44,486,2.64,213,1.16,21,0,21,Resultados Apurados
AUT25,2025-10-12,0111,Mealhada,Concelho,AM,17672,10486,59.34,40.66,275,2.62,125,1.19,21,0,21,Resultados Apurados
AUT25,2025-10-12,0112,Murtosa,Concelho,AM,10009,5422,54.17,45.83,114,2.1,56,1.03,15,0,15,Resultados Apurados
AUT25,2025-10-12,0113,Oliveira de Azeméis,Concelho,AM,61097,36573,59.86,40.14,829,2.27,464,1.27,27,0,27,Resultados Apurados
AUT25,2025-10-12,0114,Oliveira do Bairro,Concelho,AM,20932,11848,56.6,43.4,312,2.63,184,1.55,21,0,21,Resultados Apurados
AUT25,2025-10-12,0115,Ovar,Concelho,AM,51321,29302,57.1,42.9,792,2.7,419,1.43,27,0,27,Resultados Apurados
AUT25,2025-10-12,0116,São João da Madeira,Concelho,AM,19436,11255,57.91,42.09,229,2.03,106,0.94,21,0,21,Resultados Apurados
AUT25,2025-10-12,0117,Sever do Vouga,Concelho,AM,10139,7498,73.95,26.049999999999997,133,1.77,106,1.41,21,0,21,Resultados Apurados
AUT25,2025-10-12,0118,Vagos,Concelho,AM,22580,12741,56.43,43.57,305,2.39,202,1.59,21,0,21,Resultados Apurados
AUT25,2025-10-12,0119,Vale de Cambra,Concelho,AM,19714,13715,69.57,30.430000000000007,208,1.52,182,1.33,21,0,21,Resultados Apurados
AUT25,2025-10-12,0201,Aljustrel,Concelho,AM,7703,5482,71.17,28.83,75,1.37,57,1.04,15,0,15,Resultados Apurados
AUT25,2025-10-12,0202,Almodôvar,Concelho,AM,5975,4452,74.51,25.489999999999995,57,1.28,61,1.37,15,0,15,Resultados Apurados
AUT25,2025-10-12,0203,Alvito,Concelho,AM,1910,1439,75.34,24.659999999999997,21,1.46,25,1.74,15,0,15,Resultados Apurados
AUT25,2025-10-12,0204,Barrancos,Concelho,AM,1261,968,76.76,23.239999999999995,43,4.44,17,1.76,15,0,15,Resultados Apurados
AUT25,2025-10-12,0205,Beja,Concelho,AM,28345,17960,63.36,36.64,211,1.17,163,0.91,21,0,21,Resultados Apurados
AUT25,2025-10-12,0206,Castro Verde,Concelho,AM,6003,4108,68.43,31.569999999999993,62,1.51,34,0.83,15,0,15,Resultados Apurados
AUT25,2025-10-12,0207,Cuba,Concelho,AM,3618,2730,75.46,24.540000000000006,65,2.38,37,1.36,15,0,15,Resultados Apurados
AUT25,2025-10-12,0208,Ferreira do Alentejo,Concelho,AM,6135,4177,68.08,31.92,59,1.41,28,0.67,15,0,15,Resultados Apurados
AUT25,2025-10-12,0209,Mértola,Concelho,AM,5502,3937,71.56,28.439999999999998,129,3.28,72,1.83,15,0,15,Resultados Apurados
AUT25,2025-10-12,0210,Moura,Concelho,AM,11783,7224,61.31,38.69,117,1.62,82,1.14,21,0,21,Resultados Apurados
AUT25,2025-10-12,0211,Odemira,Concelho,AM,20252,12477,61.61,38.39,213,1.71,173,1.39,21,0,21,Resultados Apurados
AUT25,2025-10-12,0212,Ourique,Concelho,AM,4229,3249,76.83,23.17,47,1.45,47,1.45,15,0,15,Resultados Apurados
AUT25,2025-10-12,0213,Serpa,Concelho,AM,12137,7757,63.91,36.09,110,1.42,65,0.84,21,0,21,Resultados Apurados
AUT25,2025-10-12,0214,Vidigueira,Concelho,AM,4566,3196,70,30,47,1.47,35,1.1,15,0,15,Resultados Apurados
AUT25,2025-10-12,0301,Amares,Concelho,AM,17675,12811,72.48,27.519999999999996,268,2.09,132,1.03,21,0,21,Resultados Apurados
AUT25,2025-10-12,0302,Barcelos,Concelho,AM,106978,77470,72.42,27.58,1932,2.49,815,1.05,66,0,66,Resultados Apurados
AUT25,2025-10-12,0303,Braga,Concelho,AM,168147,107671,64.03,35.97,2147,1.99,979,0.91,38,0,38,Resultados Apurados
AUT25,2025-10-12,0304,Cabeceiras de Basto,Concelho,AM,16990,11796,69.43,30.569999999999993,146,1.24,118,1,21,0,21,Resultados Apurados
AUT25,2025-10-12,0305,Celorico de Basto,Concelho,AM,17309,11991,69.28,30.72,177,1.48,142,1.18,21,0,21,Resultados Apurados
AUT25,2025-10-12,0306,Esposende,Concelho,AM,33857,23553,69.57,30.430000000000007,414,1.76,236,1,21,0,21,Resultados Apurados
AUT25,2025-10-12,0307,Fafe,Concelho,AM,50111,31925,63.71,36.29,833,2.61,395,1.24,27,0,27,Resultados Apurados
AUT25,2025-10-12,0308,Guimarães,Concelho,AM,143580,100653,70.1,29.900000000000006,2000,1.99,762,0.76,56,0,56,Resultados Apurados
AUT25,2025-10-12,0309,Póvoa de Lanhoso,Concelho,AM,22177,16026,72.26,27.739999999999995,254,1.58,163,1.02,23,0,23,Resultados Apurados
AUT25,2025-10-12,0310,Terras de Bouro,Concelho,AM,6439,4679,72.67,27.33,131,2.8,47,1,15,0,15,Resultados Apurados
AUT25,2025-10-12,0311,Vieira do Minho,Concelho,AM,12189,9163,75.17,24.83,120,1.31,93,1.01,21,0,21,Resultados Apurados
AUT25,2025-10-12,0312,Vila Nova de Famalicão,Concelho,AM,121657,83568,68.69,31.310000000000002,1604,1.92,806,0.96,40,0,40,Resultados Apurados
AUT25,2025-10-12,0313,Vila Verde,Concelho,AM,45299,30162,66.58,33.42,965,3.2,346,1.15,34,0,34,Resultados Apurados
AUT25,2025-10-12,0314,Vizela,Concelho,AM,21944,15466,70.48,29.519999999999996,357,2.31,151,0.98,21,0,21,Resultados Apurados
AUT25,2025-10-12,0401,Alfândega da Fé,Concelho,AM,5187,3598,69.37,30.629999999999995,84,2.33,57,1.58,15,0,15,Resultados Apurados
AUT25,2025-10-12,0402,Bragança,Concelho,AM,34910,20928,59.95,40.05,355,1.7,385,1.84,40,0,40,Resultados Apurados
AUT25,2025-10-12,0403,Carrazeda de Ansiães,Concelho,AM,5779,3718,64.34,35.66,213,5.73,124,3.34,15,0,15,Resultados Apurados
AUT25,2025-10-12,0404,Freixo de Espada à Cinta,Concelho,AM,2981,2336,78.36,21.64,43,1.84,22,0.94,15,0,15,Resultados Apurados
AUT25,2025-10-12,0405,Macedo de Cavaleiros,Concelho,AM,17041,10499,61.61,38.39,173,1.65,161,1.53,31,0,31,Resultados Apurados
AUT25,2025-10-12,0406,Miranda do Douro,Concelho,AM,6960,4263,61.25,38.75,237,5.56,111,2.6,15,0,15,Resultados Apurados
AUT25,2025-10-12,0407,Mirandela,Concelho,AM,22354,14054,62.87,37.13,244,1.74,244,1.74,31,0,31,Resultados Apurados
AUT25,2025-10-12,0408,Mogadouro,Concelho,AM,9572,6454,67.43,32.56999999999999,153,2.37,121,1.87,22,0,22,Resultados Apurados
AUT25,2025-10-12,0409,Torre de Moncorvo,Concelho,AM,7638,5281,69.14,30.86,102,1.93,72,1.36,15,0,15,Resultados Apurados
AUT25,2025-10-12,0410,Vila Flor,Concelho,AM,6546,4295,65.61,34.39,97,2.26,91,2.12,15,0,15,Resultados Apurados
AUT25,2025-10-12,0411,Vimioso,Concelho,AM,5254,3192,60.75,39.25,84,2.63,72,2.26,15,0,15,Resultados Apurados
AUT25,2025-10-12,0412,Vinhais,Concelho,AM,9287,5992,64.52,35.480000000000004,109,1.82,254,4.24,27,0,27,Resultados Apurados
AUT25,2025-10-12,0501,Belmonte,Concelho,AM,5825,4038,69.32,30.680000000000007,88,2.18,61,1.51,15,0,15,Resultados Apurados
AUT25,2025-10-12,0502,Castelo Branco,Concelho,AM,47978,29424,61.33,38.67,518,1.76,374,1.27,23,0,23,Resultados Apurados
AUT25,2025-10-12,0503,Covilhã,Concelho,AM,43052,27559,64.01,35.989999999999995,622,2.26,449,1.63,26,0,26,Resultados Apurados
AUT25,2025-10-12,0504,Fundão,Concelho,AM,24871,16429,66.06,33.94,399,2.43,263,1.6,24,0,24,Resultados Apurados
AUT25,2025-10-12,0505,Idanha-a-Nova,Concelho,AM,7521,5116,68.02,31.980000000000004,110,2.15,89,1.74,15,0,15,Resultados Apurados
AUT25,2025-10-12,0506,Oleiros,Concelho,AM,4494,3364,74.86,25.14,72,2.14,37,1.1,15,0,15,Resultados Apurados
AUT25,2025-10-12,0507,Penamacor,Concelho,AM,4023,3024,75.17,24.83,57,1.88,74,2.45,15,0,15,Resultados Apurados
AUT25,2025-10-12,0508,Proença-a-Nova,Concelho,AM,6549,4454,68.01,31.989999999999995,138,3.1,88,1.98,15,0,15,Resultados Apurados
AUT25,2025-10-12,0509,Sertã,Concelho,AM,13152,9373,71.27,28.730000000000004,171,1.82,177,1.89,21,0,21,Resultados Apurados
AUT25,2025-10-12,0510,Vila de Rei,Concelho,AM,2721,2037,74.86,25.14,37,1.82,51,2.5,15,0,15,Resultados Apurados
AUT25,2025-10-12,0511,Vila Velha de Ródão,Concelho,AM,2808,1992,70.94,29.060000000000002,39,1.96,25,1.26,15,0,15,Resultados Apurados
AUT25,2025-10-12,0601,Arganil,Concelho,AM,10120,6433,63.57,36.43,170,2.64,125,1.94,21,0,21,Resultados Apurados
AUT25,2025-10-12,0602,Cantanhede,Concelho,AM,34086,19155,56.2,43.8,528,2.76,248,1.29,21,0,21,Resultados Apurados
AUT25,2025-10-12,0603,Coimbra,Concelho,AM,124033,70031,56.46,43.54,1864,2.66,723,1.03,33,0,33,Resultados Apurados
AUT25,2025-10-12,0604,Condeixa-a-Nova,Concelho,AM,14796,9663,65.31,34.69,194,2.01,97,1,21,0,21,Resultados Apurados
AUT25,2025-10-12,0605,Figueira da Foz,Concelho,AM,54479,31343,57.53,42.47,781,2.49,401,1.28,27,0,27,Resultados Apurados
AUT25,2025-10-12,0606,Góis,Concelho,AM,3415,2476,72.5,27.5,47,1.9,31,1.25,15,0,15,Resultados Apurados
AUT25,2025-10-12,0607,Lousã,Concelho,AM,15459,9466,61.23,38.77,303,3.2,136,1.44,21,0,21,Resultados Apurados
AUT25,2025-10-12,0608,Mira,Concelho,AM,12624,7759,61.46,38.54,166,2.14,85,1.1,21,0,21,Resultados Apurados
AUT25,2025-10-12,0609,Miranda do Corvo,Concelho,AM,10718,7021,65.51,34.489999999999995,154,2.19,70,1,21,0,21,Resultados Apurados
AUT25,2025-10-12,0610,Montemor-o-Velho,Concelho,AM,21634,13984,64.64,35.36,325,2.32,180,1.29,21,0,21,Resultados Apurados
AUT25,2025-10-12,0611,Oliveira do Hospital,Concelho,AM,17195,11993,69.75,30.25,228,1.9,188,1.57,21,0,21,Resultados Apurados
AUT25,2025-10-12,0612,Pampilhosa da Serra,Concelho,AM,3306,2300,69.57,30.430000000000007,49,2.13,32,1.39,15,0,15,Resultados Apurados
AUT25,2025-10-12,0613,Penacova,Concelho,AM,12755,8072,63.28,36.72,121,1.5,90,1.11,21,0,21,Resultados Apurados
AUT25,2025-10-12,0614,Penela,Concelho,AM,4688,3256,69.45,30.549999999999997,66,2.03,47,1.44,15,0,15,Resultados Apurados
AUT25,2025-10-12,0615,Soure,Concelho,AM,15714,10728,68.27,31.730000000000004,208,1.94,155,1.44,21,0,21,Resultados Apurados
AUT25,2025-10-12,0616,Tábua,Concelho,AM,10210,6964,68.21,31.790000000000006,130,1.87,117,1.68,21,0,21,Resultados Apurados
AUT25,2025-10-12,0617,Vila Nova de Poiares,Concelho,AM,6298,4153,65.94,34.06,65,1.57,52,1.25,15,0,15,Resultados Apurados
AUT25,2025-10-12,0701,Alandroal,Concelho,AM,4316,2980,69.05,30.950000000000003,45,1.51,46,1.54,15,0,15,Resultados Apurados
AUT25,2025-10-12,0702,Arraiolos,Concelho,AM,5839,4035,69.1,30.900000000000006,101,2.5,65,1.61,15,0,15,Resultados Apurados
AUT25,2025-10-12,0703,Borba,Concelho,AM,5707,3794,66.48,33.519999999999996,44,1.16,38,1,15,0,15,Resultados Apurados
AUT25,2025-10-12,0704,Estremoz,Concelho,AM,10817,6829,63.13,36.87,95,1.39,77,1.13,21,0,21,Resultados Apurados
AUT25,2025-10-12,0705,Évora,Concelho,AM,46090,27385,59.42,40.58,478,1.75,222,0.81,21,0,21,Resultados Apurados
AUT25,2025-10-12,0706,Montemor-o-Novo,Concelho,AM,13547,8905,65.73,34.269999999999996,150,1.68,64,0.72,21,0,21,Resultados Apurados
AUT25,2025-10-12,0707,Mora,Concelho,AM,3813,2613,68.53,31.47,53,2.03,33,1.26,15,0,15,Resultados Apurados
AUT25,2025-10-12,0708,Mourão,Concelho,AM,2135,1664,77.94,22.060000000000002,32,1.92,25,1.5,15,0,15,Resultados Apurados
AUT25,2025-10-12,0709,Portel,Concelho,AM,4927,3779,76.7,23.299999999999997,31,0.82,21,0.56,15,0,15,Resultados Apurados
AUT25,2025-10-12,0710,Redondo,Concelho,AM,5579,3534,63.34,36.66,78,2.21,42,1.19,15,0,15,Resultados Apurados
AUT25,2025-10-12,0711,Reguengos de Monsaraz,Concelho,AM,8736,5734,65.64,34.36,71,1.24,45,0.78,15,0,15,Resultados Apurados
AUT25,2025-10-12,0712,Vendas Novas,Concelho,AM,10037,6313,62.9,37.1,88,1.39,55,0.87,15,0,15,Resultados Apurados
AUT25,2025-10-12,0713,Viana do Alentejo,Concelho,AM,4672,3142,67.25,32.75,36,1.15,31,0.99,15,0,15,Resultados Apurados
AUT25,2025-10-12,0714,Vila Viçosa,Concelho,AM,6522,4416,67.71,32.290000000000006,63,1.43,47,1.06,15,0,15,Resultados Apurados
AUT25,2025-10-12,0801,Albufeira,Concelho,AM,37556,18257,48.61,51.39,282,1.54,172,0.94,21,0,21,Resultados Apurados
AUT25,2025-10-12,0802,Alcoutim,Concelho,AM,2286,1745,76.33,23.67,28,1.6,24,1.38,15,0,15,Resultados Apurados
AUT25,2025-10-12,0803,Aljezur,Concelho,AM,4397,2914,66.27,33.730000000000004,32,1.1,22,0.75,15,0,15,Resultados Apurados
AUT25,2025-10-12,0804,Castro Marim,Concelho,AM,5975,3797,63.55,36.45,51,1.34,40,1.05,15,0,15,Resultados Apurados
AUT25,2025-10-12,0805,Faro,Concelho,AM,57405,31793,55.38,44.62,558,1.76,345,1.09,27,0,27,Resultados Apurados
AUT25,2025-10-12,0806,Lagoa,Concelho,AM,19616,10826,55.19,44.81,173,1.6,103,0.95,21,0,21,Resultados Apurados
AUT25,2025-10-12,0807,Lagos,Concelho,AM,25058,13150,52.48,47.52,266,2.02,108,0.82,21,0,21,Resultados Apurados
AUT25,2025-10-12,0808,Loulé,Concelho,AM,63835,31049,48.64,51.36,483,1.56,309,1,27,0,27,Resultados Apurados
AUT25,2025-10-12,0809,Monchique,Concelho,AM,4444,3023,68.02,31.980000000000004,71,2.35,40,1.32,15,0,15,Resultados Apurados
AUT25,2025-10-12,0810,Olhão,Concelho,AM,38422,19980,52,48,453,2.27,432,2.16,21,0,21,Resultados Apurados
AUT25,2025-10-12,0811,Portimão,Concelho,AM,51873,26358,50.81,49.19,433,1.64,233,0.88,27,0,27,Resultados Apurados
AUT25,2025-10-12,0812,São Brás de Alportel,Concelho,AM,9593,5950,62.02,37.98,91,1.53,45,0.76,15,0,15,Resultados Apurados
AUT25,2025-10-12,0813,Silves,Concelho,AM,32139,17944,55.83,44.17,308,1.72,191,1.06,21,0,21,Resultados Apurados
AUT25,2025-10-12,0814,Tavira,Concelho,AM,22519,13167,58.47,41.53,286,2.17,148,1.12,21,0,21,Resultados Apurados
AUT25,2025-10-12,0815,Vila do Bispo,Concelho,AM,4211,2726,64.74,35.260000000000005,32,1.17,29,1.06,15,0,15,Resultados Apurados
AUT25,2025-10-12,0816,Vila Real de Santo António,Concelho,AM,17065,9610,56.31,43.69,134,1.39,116,1.21,21,0,21,Resultados Apurados
AUT25,2025-10-12,0901,Aguiar da Beira,Concelho,AM,5791,4178,72.15,27.849999999999994,61,1.46,64,1.53,15,0,15,Resultados Apurados
AUT25,2025-10-12,0902,Almeida,Concelho,AM,6207,3962,63.83,36.17,135,3.41,67,1.69,17,0,17,Resultados Apurados
AUT25,2025-10-12,0903,Celorico da Beira,Concelho,AM,7004,4763,68,32,130,2.73,94,1.97,17,0,17,Resultados Apurados
AUT25,2025-10-12,0904,Figueira de Castelo Rodrigo,Concelho,AM,5078,3677,72.41,27.590000000000003,79,2.15,84,2.28,15,0,15,Resultados Apurados
AUT25,2025-10-12,0905,Fornos de Algodres,Concelho,AM,4127,3252,78.8,21.200000000000003,48,1.48,33,1.01,15,0,15,Resultados Apurados
AUT25,2025-10-12,0906,Gouveia,Concelho,AM,11859,7667,64.65,35.349999999999994,203,2.65,110,1.43,21,0,21,Resultados Apurados
AUT25,2025-10-12,0907,Guarda,Concelho,AM,36336,24320,66.93,33.06999999999999,442,1.82,433,1.78,44,0,44,Resultados Apurados
AUT25,2025-10-12,0908,Manteigas,Concelho,AM,2908,2071,71.22,28.78,21,1.01,42,2.03,15,0,15,Resultados Apurados
AUT25,2025-10-12,0909,Mêda,Concelho,AM,4923,3225,65.51,34.489999999999995,92,2.85,83,2.57,15,0,15,Resultados Apurados
AUT25,2025-10-12,0910,Pinhel,Concelho,AM,8554,5923,69.24,30.760000000000005,155,2.62,111,1.87,19,0,19,Resultados Apurados
AUT25,2025-10-12,0911,Sabugal,Concelho,AM,11372,6693,58.86,41.14,170,2.54,119,1.78,31,0,31,Resultados Apurados
AUT25,2025-10-12,0912,Seia,Concelho,AM,20215,13256,65.58,34.42,286,2.16,215,1.62,25,0,25,Resultados Apurados
AUT25,2025-10-12,0913,Trancoso,Concelho,AM,8427,5699,67.63,32.370000000000005,140,2.46,109,1.91,22,0,22,Resultados Apurados
AUT25,2025-10-12,0914,Vila Nova de Foz Côa,Concelho,AM,6544,4301,65.72,34.28,76,1.77,62,1.44,15,0,15,Resultados Apurados
AUT25,2025-10-12,1001,Alcobaça,Concelho,AM,49027,29288,59.74,40.26,744,2.54,560,1.91,21,0,21,Resultados Apurados
AUT25,2025-10-12,1002,Alvaiázere,Concelho,AM,5775,3747,64.88,35.120000000000005,73,1.95,58,1.55,15,0,15,Resultados Apurados
AUT25,2025-10-12,1003,Ansião,Concelho,AM,11029,7468,67.71,32.290000000000006,114,1.53,81,1.08,21,0,21,Resultados Apurados
AUT25,2025-10-12,1004,Batalha,Concelho,AM,13990,8848,63.25,36.75,236,2.67,148,1.67,21,0,21,Resultados Apurados
AUT25,2025-10-12,1005,Bombarral,Concelho,AM,11604,6853,59.06,40.94,116,1.69,63,0.92,21,0,21,Resultados Apurados
AUT25,2025-10-12,1006,Caldas da Rainha,Concelho,AM,45736,25111,54.9,45.1,613,2.44,307,1.22,21,0,21,Resultados Apurados
AUT25,2025-10-12,1007,Castanheira de Pêra,Concelho,AM,2478,1821,73.49,26.510000000000005,35,1.92,25,1.37,15,0,15,Resultados Apurados
AUT25,2025-10-12,1008,Figueiró dos Vinhos,Concelho,AM,5061,3566,70.46,29.540000000000006,51,1.43,77,2.16,15,0,15,Resultados Apurados
AUT25,2025-10-12,1009,Leiria,Concelho,AM,114247,68505,59.96,40.04,1924,2.81,930,1.36,33,0,33,Resultados Apurados
AUT25,2025-10-12,1010,Marinha Grande,Concelho,AM,34169,17975,52.61,47.39,568,3.16,325,1.81,21,0,21,Resultados Apurados
AUT25,2025-10-12,1011,Nazaré,Concelho,AM,14011,7618,54.37,45.63,181,2.38,101,1.33,21,0,21,Resultados Apurados
AUT25,2025-10-12,1012,Óbidos,Concelho,AM,11175,6891,61.66,38.34,189,2.74,90,1.31,21,0,21,Resultados Apurados
AUT25,2025-10-12,1013,Pedrógão Grande,Concelho,AM,2994,2029,67.77,32.230000000000004,45,2.22,33,1.63,15,0,15,Resultados Apurados
AUT25,2025-10-12,1014,Peniche,Concelho,AM,24263,13334,54.96,45.04,309,2.32,141,1.06,21,0,21,Resultados Apurados
AUT25,2025-10-12,1015,Pombal,Concelho,AM,48201,25465,52.83,47.17,1066,4.19,503,1.98,21,0,21,Resultados Apurados
AUT25,2025-10-12,1016,Porto de Mós,Concelho,AM,20459,12659,61.87,38.13,356,2.81,193,1.52,21,0,21,Resultados Apurados
AUT25,2025-10-12,1101,Alenquer,Concelho,AM,38253,21849,57.12,42.88,549,2.51,249,1.14,21,0,21,Resultados Apurados
AUT25,2025-10-12,1102,Arruda dos Vinhos,Concelho,AM,12159,7847,64.54,35.459999999999994,143,1.82,82,1.04,21,0,21,Resultados Apurados
AUT25,2025-10-12,1103,Azambuja,Concelho,AM,17880,10557,59.04,40.96,238,2.25,170,1.61,21,0,21,Resultados Apurados
AUT25,2025-10-12,1104,Cadaval,Concelho,AM,12519,7592,60.64,39.36,165,2.17,103,1.36,21,0,21,Resultados Apurados
AUT25,2025-10-12,1105,Cascais,Concelho,AM,178529,89389,50.07,49.93,1638,1.83,767,0.86,33,0,33,Resultados Apurados
AUT25,2025-10-12,1106,Lisboa,Concelho,AM,463566,265223,57.21,42.79,4082,1.54,2547,0.96,51,0,51,Resultados Apurados
AUT25,2025-10-12,1107,Loures,Concelho,AM,168748,91305,54.11,45.89,1826,2,1025,1.12,33,0,33,Resultados Apurados
AUT25,2025-10-12,1108,Lourinhã,Concelho,AM,24230,14867,61.36,38.64,319,2.15,231,1.55,21,0,21,Resultados Apurados
AUT25,2025-10-12,1109,Mafra,Concelho,AM,70900,42979,60.62,39.38,765,1.78,439,1.02,27,0,27,Resultados Apurados
AUT25,2025-10-12,1110,Oeiras,Concelho,AM,146967,84495,57.49,42.51,1868,2.21,902,1.07,33,0,33,Resultados Apurados
AUT25,2025-10-12,1111,Sintra,Concelho,AM,324885,162617,50.05,49.95,2453,1.51,1693,1.04,33,0,33,Resultados Apurados
AUT25,2025-10-12,1112,Sobral de Monte Agraço,Concelho,AM,9047,5871,64.89,35.11,106,1.81,60,1.02,15,0,15,Resultados Apurados
AUT25,2025-10-12,1113,Torres Vedras,Concelho,AM,71728,44577,62.15,37.85,679,1.52,440,0.99,27,0,27,Resultados Apurados
AUT25,2025-10-12,1114,Vila Franca de Xira,Concelho,AM,115082,61289,53.26,46.74,1292,2.11,691,1.13,33,0,33,Resultados Apurados
AUT25,2025-10-12,1115,Amadora,Concelho,AM,142579,70063,49.14,50.86,1269,1.81,847,1.21,33,0,33,Resultados Apurados
AUT25,2025-10-12,1116,Odivelas,Concelho,AM,125441,63546,50.66,49.34,1139,1.79,758,1.19,33,0,33,Resultados Apurados
AUT25,2025-10-12,1201,Alter do Chão,Concelho,AM,2685,1953,72.74,27.260000000000005,51,2.61,31,1.59,15,0,15,Resultados Apurados
AUT25,2025-10-12,1202,Arronches,Concelho,AM,2488,1852,74.44,25.560000000000002,38,2.05,18,0.97,15,0,15,Resultados Apurados
AUT25,2025-10-12,1203,Avis,Concelho,AM,3256,2377,73,27,58,2.44,48,2.02,15,0,15,Resultados Apurados
AUT25,2025-10-12,1204,Campo Maior,Concelho,AM,7018,4789,68.24,31.760000000000005,77,1.61,65,1.36,15,0,15,Resultados Apurados
AUT25,2025-10-12,1205,Castelo de Vide,Concelho,AM,2641,1992,75.43,24.569999999999993,35,1.76,27,1.36,15,0,15,Resultados Apurados
AUT25,2025-10-12,1206,Crato,Concelho,AM,2857,2157,75.5,24.5,38,1.76,25,1.16,15,0,15,Resultados Apurados
AUT25,2025-10-12,1207,Elvas,Concelho,AM,18477,10759,58.23,41.77,188,1.75,155,1.44,21,0,21,Resultados Apurados
AUT25,2025-10-12,1208,Fronteira,Concelho,AM,2596,1956,75.35,24.650000000000006,24,1.23,35,1.79,15,0,15,Resultados Apurados
AUT25,2025-10-12,1209,Gavião,Concelho,AM,3086,2182,70.71,29.290000000000006,50,2.29,27,1.24,15,0,15,Resultados Apurados
AUT25,2025-10-12,1210,Marvão,Concelho,AM,2535,1876,74,26,40,2.13,37,1.97,15,0,15,Resultados Apurados
AUT25,2025-10-12,1211,Monforte,Concelho,AM,2525,1833,72.59,27.409999999999997,28,1.53,28,1.53,15,0,15,Resultados Apurados
AUT25,2025-10-12,1212,Nisa,Concelho,AM,5537,3882,70.11,29.89,75,1.93,48,1.24,15,0,15,Resultados Apurados
AUT25,2025-10-12,1213,Ponte de Sor,Concelho,AM,13508,8053,59.62,40.38,129,1.6,111,1.38,21,0,21,Resultados Apurados
AUT25,2025-10-12,1214,Portalegre,Concelho,AM,19473,12208,62.69,37.31,182,1.49,100,0.82,21,0,21,Resultados Apurados
AUT25,2025-10-12,1215,Sousel,Concelho,AM,3835,2730,71.19,28.810000000000002,30,1.1,35,1.28,15,0,15,Resultados Apurados
AUT25,2025-10-12,1301,Amarante,Concelho,AM,49914,33390,66.9,33.099999999999994,493,1.48,364,1.09,27,0,27,Resultados Apurados
AUT25,2025-10-12,1302,Baião,Concelho,AM,16125,11718,72.67,27.33,126,1.08,147,1.25,21,0,21,Resultados Apurados
AUT25,2025-10-12,1303,Felgueiras,Concelho,AM,51565,34543,66.99,33.010000000000005,613,1.77,372,1.08,27,0,27,Resultados Apurados
AUT25,2025-10-12,1304,Gondomar,Concelho,AM,145767,79188,54.33,45.67,1859,2.35,1021,1.29,33,0,33,Resultados Apurados
AUT25,2025-10-12,1305,Lousada,Concelho,AM,42826,31481,73.51,26.489999999999995,364,1.16,258,0.82,21,0,21,Resultados Apurados
AUT25,2025-10-12,1306,Maia,Concelho,AM,117566,69676,59.27,40.73,1723,2.47,867,1.24,33,0,33,Resultados Apurados
AUT25,2025-10-12,1307,Marco de Canaveses,Concelho,AM,45568,31888,69.98,30.019999999999996,517,1.62,445,1.4,21,0,21,Resultados Apurados
AUT25,2025-10-12,1308,Matosinhos,Concelho,AM,149785,83049,55.45,44.55,1646,1.98,858,1.03,33,0,33,Resultados Apurados
AUT25,2025-10-12,1309,Paços de Ferreira,Concelho,AM,49840,34860,69.94,30.060000000000002,618,1.77,351,1.01,21,0,21,Resultados Apurados
AUT25,2025-10-12,1310,Paredes,Concelho,AM,76143,53801,70.66,29.340000000000003,858,1.59,706,1.31,27,0,27,Resultados Apurados
AUT25,2025-10-12,1311,Penafiel,Concelho,AM,62476,45998,73.63,26.370000000000005,735,1.6,592,1.29,29,0,29,Resultados Apurados
AUT25,2025-10-12,1312,Porto,Concelho,AM,201968,115064,56.97,43.03,1619,1.41,1095,0.95,39,0,39,Resultados Apurados
AUT25,2025-10-12,1313,Póvoa de Varzim,Concelho,AM,61142,35594,58.22,41.78,876,2.46,365,1.03,27,0,27,Resultados Apurados
AUT25,2025-10-12,1314,Santo Tirso,Concelho,AM,62054,41524,66.92,33.08,952,2.29,464,1.12,27,0,27,Resultados Apurados
AUT25,2025-10-12,1315,Valongo,Concelho,AM,84805,48485,57.17,42.83,1226,2.53,626,1.29,27,0,27,Resultados Apurados
AUT25,2025-10-12,1316,Vila do Conde,Concelho,AM,72767,46614,64.06,35.94,1090,2.34,447,0.96,27,0,27,Resultados Apurados
AUT25,2025-10-12,1317,Vila Nova de Gaia,Concelho,AM,267931,152089,56.76,43.24,3588,2.36,2091,1.37,33,0,33,Resultados Apurados
AUT25,2025-10-12,1318,Trofa,Concelho,AM,33997,23102,67.95,32.05,400,1.73,276,1.19,21,0,21,Resultados Apurados
AUT25,2025-10-12,1401,Abrantes,Concelho,AM,30803,18969,61.58,38.42,326,1.72,176,0.93,21,0,21,Resultados Apurados
AUT25,2025-10-12,1402,Alcanena,Concelho,AM,11422,6880,60.23,39.77,133,1.93,87,1.26,21,0,21,Resultados Apurados
AUT25,2025-10-12,1403,Almeirim,Concelho,AM,19895,10293,51.74,48.26,248,2.41,121,1.18,21,0,21,Resultados Apurados
AUT25,2025-10-12,1404,Alpiarça,Concelho,AM,6356,4006,63.03,36.97,115,2.87,40,1,15,0,15,Resultados Apurados
AUT25,2025-10-12,1405,Benavente,Concelho,AM,25270,14108,55.83,44.17,283,2.01,143,1.01,21,0,21,Resultados Apurados
AUT25,2025-10-12,1406,Cartaxo,Concelho,AM,20911,12250,58.58,41.42,165,1.35,98,0.8,21,0,21,Resultados Apurados
AUT25,2025-10-12,1407,Chamusca,Concelho,AM,7539,5069,67.24,32.760000000000005,87,1.72,66,1.3,15,0,15,Resultados Apurados
AUT25,2025-10-12,1408,Constância,Concelho,AM,3431,2452,71.47,28.53,52,2.12,33,1.35,15,0,15,Resultados Apurados
AUT25,2025-10-12,1409,Coruche,Concelho,AM,15528,9670,62.27,37.73,140,1.45,107,1.11,21,0,21,Resultados Apurados
AUT25,2025-10-12,1410,Entroncamento,Concelho,AM,16556,9772,59.02,40.98,228,2.33,103,1.05,21,0,21,Resultados Apurados
AUT25,2025-10-12,1411,Ferreira do Zêzere,Concelho,AM,6982,5003,71.66,28.340000000000003,74,1.48,69,1.38,15,0,15,Resultados Apurados
AUT25,2025-10-12,1412,Golegã,Concelho,AM,4710,3209,68.13,31.870000000000005,46,1.43,35,1.09,15,0,15,Resultados Apurados
AUT25,2025-10-12,1413,Mação,Concelho,AM,5661,4301,75.98,24.019999999999996,53,1.23,53,1.23,15,0,15,Resultados Apurados
AUT25,2025-10-12,1414,Rio Maior,Concelho,AM,17909,10879,60.75,39.25,289,2.66,197,1.81,21,0,21,Resultados Apurados
AUT25,2025-10-12,1415,Salvaterra de Magos,Concelho,AM,20068,11297,56.29,43.71,218,1.93,159,1.41,21,0,21,Resultados Apurados
AUT25,2025-10-12,1416,Santarém,Concelho,AM,51012,31020,60.81,39.19,473,1.52,269,0.87,27,0,27,Resultados Apurados
AUT25,2025-10-12,1417,Sardoal,Concelho,AM,3185,2430,76.3,23.700000000000003,39,1.6,28,1.15,15,0,15,Resultados Apurados
AUT25,2025-10-12,1418,Tomar,Concelho,AM,33434,19749,59.07,40.93,412,2.09,264,1.34,21,0,21,Resultados Apurados
AUT25,2025-10-12,1419,Torres Novas,Concelho,AM,30799,18283,59.36,40.64,477,2.61,264,1.44,21,0,21,Resultados Apurados
AUT25,2025-10-12,1420,Vila Nova da Barquinha,Concelho,AM,6499,4122,63.43,36.57,98,2.38,49,1.19,15,0,15,Resultados Apurados
AUT25,2025-10-12,1421,Ourém,Concelho,AM,40384,22681,56.16,43.84,705,3.11,441,1.94,21,0,21,Resultados Apurados
AUT25,2025-10-12,1501,Alcácer do Sal,Concelho,AM,9826,6217,63.27,36.73,121,1.95,86,1.38,15,0,15,Resultados Apurados
AUT25,2025-10-12,1502,Alcochete,Concelho,AM,15716,9647,61.38,38.62,158,1.64,113,1.17,21,0,21,Resultados Apurados
AUT25,2025-10-12,1503,Almada,Concelho,AM,151342,77208,51.02,48.98,1172,1.52,767,0.99,33,0,33,Resultados Apurados
AUT25,2025-10-12,1504,Barreiro,Concelho,AM,67743,36689,54.16,45.84,465,1.27,335,0.91,27,0,27,Resultados Apurados
AUT25,2025-10-12,1505,Grândola,Concelho,AM,11698,7397,63.23,36.77,135,1.83,49,0.66,21,0,21,Resultados Apurados
AUT25,2025-10-12,1506,Moita,Concelho,AM,59404,29194,49.14,50.86,502,1.72,333,1.14,27,0,27,Resultados Apurados
AUT25,2025-10-12,1507,Montijo,Concelho,AM,45488,23482,51.62,48.38,363,1.55,203,0.86,21,0,21,Resultados Apurados
AUT25,2025-10-12,1508,Palmela,Concelho,AM,60189,30695,51,49,733,2.39,407,1.33,27,0,27,Resultados Apurados
AUT25,2025-10-12,1509,Santiago do Cacém,Concelho,AM,23916,14000,58.54,41.46,328,2.34,167,1.19,21,0,21,Resultados Apurados
AUT25,2025-10-12,1510,Seixal,Concelho,AM,148089,77162,52.11,47.89,1196,1.55,703,0.91,33,0,33,Resultados Apurados
AUT25,2025-10-12,1511,Sesimbra,Concelho,AM,46764,24395,52.17,47.83,431,1.77,299,1.23,21,0,21,Resultados Apurados
AUT25,2025-10-12,1512,Setúbal,Concelho,AM,106736,55272,51.78,48.22,1020,1.85,600,1.09,33,0,33,Resultados Apurados
AUT25,2025-10-12,1513,Sines,Concelho,AM,12021,7340,61.06,38.94,94,1.28,62,0.84,21,0,21,Resultados Apurados
AUT25,2025-10-12,1601,Arcos de Valdevez,Concelho,AM,24107,14663,60.82,39.18,403,2.75,149,1.02,37,0,37,Resultados Apurados
AUT25,2025-10-12,1602,Caminha,Concelho,AM,15878,10565,66.54,33.459999999999994,187,1.77,122,1.15,21,0,21,Resultados Apurados
AUT25,2025-10-12,1603,Melgaço,Concelho,AM,9499,5149,54.21,45.79,111,2.16,104,2.02,15,0,15,Resultados Apurados
AUT25,2025-10-12,1604,Monção,Concelho,AM,18596,11379,61.19,38.81,301,2.65,168,1.48,25,0,25,Resultados Apurados
AUT25,2025-10-12,1605,Paredes de Coura,Concelho,AM,8435,5542,65.7,34.3,183,3.3,61,1.1,17,0,17,Resultados Apurados
AUT25,2025-10-12,1606,Ponte da Barca,Concelho,AM,12849,8229,64.04,35.959999999999994,179,2.18,128,1.56,21,0,21,Resultados Apurados
AUT25,2025-10-12,1607,Ponte de Lima,Concelho,AM,40585,28377,69.92,30.08,686,2.42,356,1.25,42,0,42,Resultados Apurados
AUT25,2025-10-12,1608,Valença,Concelho,AM,13020,8024,61.63,38.37,172,2.14,94,1.17,21,0,21,Resultados Apurados
AUT25,2025-10-12,1609,Viana do Castelo,Concelho,AM,81992,51173,62.41,37.59,1492,2.92,849,1.66,31,0,31,Resultados Apurados
AUT25,2025-10-12,1610,Vila Nova de Cerveira,Concelho,AM,8488,5870,69.16,30.840000000000003,130,2.21,82,1.4,15,0,15,Resultados Apurados
AUT25,2025-10-12,1701,Alijó,Concelho,AM,10935,7146,65.35,34.650000000000006,177,2.48,193,2.7,21,0,21,Resultados Apurados
AUT25,2025-10-12,1702,Boticas,Concelho,AM,7445,4084,54.86,45.14,114,2.79,202,4.95,15,0,15,Resultados Apurados
AUT25,2025-10-12,1703,Chaves,Concelho,AM,42119,24361,57.84,42.16,507,2.08,341,1.4,40,0,40,Resultados Apurados
AUT25,2025-10-12,1704,Mesão Frio,Concelho,AM,3381,2574,76.13,23.870000000000005,46,1.79,48,1.86,15,0,15,Resultados Apurados
AUT25,2025-10-12,1705,Mondim de Basto,Concelho,AM,7413,4755,64.14,35.86,47,0.99,54,1.14,15,0,15,Resultados Apurados
AUT25,2025-10-12,1706,Montalegre,Concelho,AM,12995,7554,58.13,41.87,177,2.34,91,1.2,26,0,26,Resultados Apurados
AUT25,2025-10-12,1707,Murça,Concelho,AM,5989,3814,63.68,36.32,76,1.99,67,1.76,15,0,15,Resultados Apurados
AUT25,2025-10-12,1708,Peso da Régua,Concelho,AM,14593,9000,61.67,38.33,148,1.64,80,0.89,21,0,21,Resultados Apurados
AUT25,2025-10-12,1709,Ribeira de Pena,Concelho,AM,8135,5284,64.95,35.05,69,1.31,58,1.1,15,0,15,Resultados Apurados
AUT25,2025-10-12,1710,Sabrosa,Concelho,AM,6101,4306,70.58,29.42,94,2.18,74,1.72,15,0,15,Resultados Apurados
AUT25,2025-10-12,1711,Santa Marta de Penaguião,Concelho,AM,6851,4644,67.79,32.209999999999994,89,1.92,70,1.51,15,0,15,Resultados Apurados
AUT25,2025-10-12,1712,Valpaços,Concelho,AM,18111,10103,55.78,44.22,276,2.73,209,2.07,26,0,26,Resultados Apurados
AUT25,2025-10-12,1713,Vila Pouca de Aguiar,Concelho,AM,13604,9273,68.16,31.840000000000003,170,1.83,139,1.5,21,0,21,Resultados Apurados
AUT25,2025-10-12,1714,Vila Real,Concelho,AM,49167,32142,65.37,34.629999999999995,694,2.16,414,1.29,21,0,21,Resultados Apurados
AUT25,2025-10-12,1801,Armamar,Concelho,AM,5590,4136,73.99,26.010000000000005,47,1.14,72,1.74,15,0,15,Resultados Apurados
AUT25,2025-10-12,1802,Carregal do Sal,Concelho,AM,8980,5498,61.22,38.78,144,2.62,75,1.36,15,0,15,Resultados Apurados
AUT25,2025-10-12,1803,Castro Daire,Concelho,AM,13511,9372,69.37,30.629999999999995,142,1.52,112,1.2,21,0,21,Resultados Apurados
AUT25,2025-10-12,1804,Cinfães,Concelho,AM,15724,11525,73.3,26.700000000000003,133,1.15,161,1.4,21,0,21,Resultados Apurados
AUT25,2025-10-12,1805,Lamego,Concelho,AM,22993,15655,68.09,31.909999999999997,231,1.48,299,1.91,21,0,21,Resultados Apurados
AUT25,2025-10-12,1806,Mangualde,Concelho,AM,17773,11530,64.87,35.129999999999995,268,2.32,182,1.58,21,0,21,Resultados Apurados
AUT25,2025-10-12,1807,Moimenta da Beira,Concelho,AM,10037,6040,60.18,39.82,292,4.83,145,2.4,21,0,21,Resultados Apurados
AUT25,2025-10-12,1808,Mortágua,Concelho,AM,8165,5294,64.84,35.16,89,1.68,49,0.93,15,0,15,Resultados Apurados
AUT25,2025-10-12,1809,Nelas,Concelho,AM,12331,8015,65,35,169,2.11,882,11,21,0,21,Resultados Apurados
AUT25,2025-10-12,1810,Oliveira de Frades,Concelho,AM,8569,5952,69.46,30.540000000000006,174,2.92,86,1.44,15,0,15,Resultados Apurados
AUT25,2025-10-12,1811,Penalva do Castelo,Concelho,AM,7232,5411,74.82,25.180000000000007,68,1.26,54,1,15,0,15,Resultados Apurados
AUT25,2025-10-12,1812,Penedono,Concelho,AM,2742,1910,69.66,30.340000000000003,52,2.72,63,3.3,15,0,15,Resultados Apurados
AUT25,2025-10-12,1813,Resende,Concelho,AM,9722,7613,78.31,21.689999999999998,108,1.42,114,1.5,15,0,15,Resultados Apurados
AUT25,2025-10-12,1814,Santa Comba Dão,Concelho,AM,10118,6454,63.79,36.21,124,1.92,89,1.38,21,0,21,Resultados Apurados
AUT25,2025-10-12,1815,São João da Pesqueira,Concelho,AM,6378,4362,68.39,31.61,163,3.74,90,2.06,15,0,15,Resultados Apurados
AUT25,2025-10-12,1816,São Pedro do Sul,Concelho,AM,14564,10059,69.07,30.930000000000007,217,2.16,170,1.69,21,0,21,Resultados Apurados
AUT25,2025-10-12,1817,Sátão,Concelho,AM,12057,7866,65.24,34.760000000000005,122,1.55,114,1.45,21,0,21,Resultados Apurados
AUT25,2025-10-12,1818,Sernancelhe,Concelho,AM,5087,3762,73.95,26.049999999999997,108,2.87,97,2.58,15,0,15,Resultados Apurados
AUT25,2025-10-12,1819,Tabuaço,Concelho,AM,4577,3387,74,26,63,1.86,64,1.89,15,0,15,Resultados Apurados
AUT25,2025-10-12,1820,Tarouca,Concelho,AM,7184,4972,69.21,30.790000000000006,81,1.63,88,1.77,15,0,15,Resultados Apurados
AUT25,2025-10-12,1821,Tondela,Concelho,AM,24182,16050,66.37,33.629999999999995,478,2.98,217,1.35,23,0,23,Resultados Apurados
AUT25,2025-10-12,1822,Vila Nova de Paiva,Concelho,AM,5669,3402,60.01,39.99,34,1,32,0.94,15,0,15,Resultados Apurados
AUT25,2025-10-12,1823,Viseu,Concelho,AM,92583,57002,61.57,38.43,1260,2.21,686,1.2,27,0,27,Resultados Apurados
AUT25,2025-10-12,1824,Vouzela,Concelho,AM,8756,6098,69.64,30.36,141,2.31,59,0.97,15,0,15,Resultados Apurados
AUT25,2025-10-12,3101,Calheta,Concelho,AM,12495,7036,56.31,43.69,67,0.95,125,1.78,21,0,21,Resultados Apurados
AUT25,2025-10-12,3102,Câmara de Lobos,Concelho,AM,32874,17137,52.13,47.87,134,0.78,259,1.51,21,0,21,Resultados Apurados
AUT25,2025-10-12,3103,Funchal,Concelho,AM,104484,52677,50.42,49.58,390,0.74,947,1.8,33,0,33,Resultados Apurados
AUT25,2025-10-12,3104,Machico,Concelho,AM,19963,12076,60.49,39.51,140,1.16,187,1.55,21,0,21,Resultados Apurados
AUT25,2025-10-12,3105,Ponta do Sol,Concelho,AM,9956,5600,56.25,43.75,32,0.57,84,1.5,15,0,15,Resultados Apurados
AUT25,2025-10-12,3106,Porto Moniz,Concelho,AM,3100,2225,71.77,28.230000000000004,11,0.49,23,1.03,15,0,15,Resultados Apurados
AUT25,2025-10-12,3107,Ribeira Brava,Concelho,AM,14238,7892,55.43,44.57,68,0.86,156,1.98,21,0,21,Resultados Apurados
AUT25,2025-10-12,3108,Santa Cruz,Concelho,AM,40384,22774,56.39,43.61,190,0.83,381,1.67,21,0,21,Resultados Apurados
AUT25,2025-10-12,3109,Santana,Concelho,AM,6844,4466,65.25,34.75,38,0.85,89,1.99,15,0,15,Resultados Apurados
AUT25,2025-10-12,3110,São Vicente,Concelho,AM,5950,3463,58.2,41.8,24,0.69,63,1.82,15,0,15,Resultados Apurados
AUT25,2025-10-12,3201,Porto Santo,Concelho,AM,5687,3627,63.78,36.22,36,0.99,42,1.16,15,0,15,Resultados Apurados
AUT25,2025-10-12,4101,Vila do Porto,Concelho,AM,5176,2905,56.12,43.88,57,1.96,18,0.62,15,0,15,Resultados Apurados
AUT25,2025-10-12,4201,Lagoa,Concelho,AM,13150,7071,53.77,46.23,94,1.33,89,1.26,21,0,21,Resultados Apurados
AUT25,2025-10-12,4202,Nordeste,Concelho,AM,4860,2908,59.84,40.16,96,3.3,62,2.13,15,0,15,Resultados Apurados
AUT25,2025-10-12,4203,Ponta Delgada,Concelho,AM,65439,30698,46.91,53.09,646,2.1,359,1.17,27,0,27,Resultados Apurados
AUT25,2025-10-12,4204,Povoação,Concelho,AM,6226,3828,61.48,38.52,56,1.46,40,1.04,15,0,15,Resultados Apurados
AUT25,2025-10-12,4205,Ribeira Grande,Concelho,AM,29281,15275,52.17,47.83,233,1.53,198,1.3,21,0,21,Resultados Apurados
AUT25,2025-10-12,4206,Vila Franca do Campo,Concelho,AM,10481,5873,56.03,43.97,88,1.5,71,1.21,21,0,21,Resultados Apurados
AUT25,2025-10-12,4301,Angra do Heroísmo,Concelho,AM,33363,18390,55.12,44.88,378,2.06,205,1.11,21,0,21,Resultados Apurados
AUT25,2025-10-12,4302,Vila da Praia da Vitória,Concelho,AM,19815,10394,52.46,47.54,268,2.58,88,0.85,21,0,21,Resultados Apurados
AUT25,2025-10-12,4401,Santa Cruz da Graciosa,Concelho,AM,3850,2606,67.69,32.31,88,3.38,34,1.3,15,0,15,Resultados Apurados
AUT25,2025-10-12,4501,Calheta,Concelho,AM,3675,2186,59.48,40.52,39,1.78,22,1.01,15,0,15,Resultados Apurados
AUT25,2025-10-12,4502,Velas,Concelho,AM,4989,3043,60.99,39.01,58,1.91,42,1.38,15,0,15,Resultados Apurados
AUT25,2025-10-12,4601,Lajes do Pico,Concelho,AM,4481,3031,67.64,32.36,102,3.37,31,1.02,15,0,15,Resultados Apurados
AUT25,2025-10-12,4602,Madalena,Concelho,AM,6068,3836,63.22,36.78,142,3.7,25,0.65,15,0,15,Resultados Apurados
AUT25,2025-10-12,4603,São Roque do Pico,Concelho,AM,3345,2001,59.82,40.18,90,4.5,35,1.75,15,0,15,Resultados Apurados
AUT25,2025-10-12,4701,Horta,Concelho,AM,13046,7652,58.65,41.35,191,2.5,45,0.59,21,0,21,Resultados Apurados
AUT25,2025-10-12,4801,Lajes das Flores,Concelho,AM,1267,924,72.93,27.069999999999993,27,2.92,14,1.52,15,0,15,Resultados Apurados
AUT25,2025-10-12,4802,Santa Cruz das Flores,Concelho,AM,1817,1307,71.93,28.069999999999993,24,1.84,8,0.61,15,0,15,Resultados Apurados
AUT25,2025-10-12,4901,Corvo,Concelho,AM,381,314,82.41,17.590000000000003,7,2.23,5,1.59,15,0,15,Resultados Apurados
